SellerID,SellerName,City,Country,SellerType,JoinDate
1,Ramirez-Moore,Osogbo,Nigeria,Premium,2024-12-26
2,Taylor LLC,Ado-Ekiti,Nigeria,High Volume,2022-08-14
3,Eaton and Sons,Osogbo,Nigeria,Standard,2021-12-13
4,Ramirez-Collier,Ado-Ekiti,Nigeria,Discount Heavy,2021-07-29
5,Morrison and Sons,Onitsha,Nigeria,Premium,2021-08-12
6,Gibson Inc,Abeokuta,Nigeria,Premium,2024-07-06
7,Robles PLC,Calabar,Nigeria,Standard,2021-03-06
8,Moreno-Huffman,Benin City,Nigeria,Standard,2023-09-01
9,David-Martinez,Uyo,Nigeria,Standard,2023-12-21
10,"Cochran, Gould and Kent",Calabar,Nigeria,High Margin,2024-05-09
11,Leon Inc,Jos,Nigeria,High Margin,2021-02-26
12,"Collins, Solomon and Sloan",Uyo,Nigeria,High Margin,2022-09-20
13,"Hernandez, Parker and Acosta",Jos,Nigeria,High Margin,2024-12-12
14,Le-Mason,Onitsha,Nigeria,Standard,2021-01-11
15,Torres-Brady,Kano,Nigeria,Discount Heavy,2024-11-07
16,"Ferguson, Sexton and Brooks",Onitsha,Nigeria,Premium,2024-07-29
17,Franklin-Fitzgerald,Warri,Nigeria,High Volume,2023-09-30
18,"Dickerson, Craig and Rodriguez",Benin City,Nigeria,Standard,2025-03-21
19,"Briggs, Wilson and Golden",Kano,Nigeria,Standard,2021-04-02
20,"Mills, Smith and Jackson",Akure,Nigeria,Premium,2024-12-04
21,Tanner-Glass,Ado-Ekiti,Nigeria,Standard,2021-05-05
22,Andrews-Rodriguez,Jos,Nigeria,Standard,2024-06-03
23,Clark-Stone,Benin City,Nigeria,High Volume,2023-12-30
24,"Hernandez, Smith and Morales",Ado-Ekiti,Nigeria,Standard,2022-06-06
25,"Bryant, Hall and Green",Owerri,Nigeria,High Margin,2022-12-10
26,"Melendez, Matthews and Campbell",Jos,Nigeria,High Volume,2022-03-30
27,Davis-Edwards,Jos,Nigeria,Standard,2022-01-17
28,"Doyle, Lowe and Woodward",Abuja,Nigeria,High Volume,2022-06-16
29,Bean-Pope,Sokoto,Nigeria,Premium,2023-08-25
30,"Singh, Johnson and Parsons",Ilorin,Nigeria,Standard,2023-10-20
31,Hall Group,Sokoto,Nigeria,Standard,2023-01-27
32,Maldonado-Brown,Port Harcourt,Nigeria,Standard,2024-04-27
33,Cooley-Sanders,Abuja,Nigeria,Standard,2024-07-05
34,"Guzman, Dixon and Pierce",Lagos,Nigeria,Discount Heavy,2022-12-24
35,Sexton Inc,Owerri,Nigeria,Standard,2021-05-20
36,Terrell Group,Ado-Ekiti,Nigeria,High Volume,2023-02-03
37,"Hawkins, Willis and Murphy",Calabar,Nigeria,High Margin,2024-01-07
38,Moon PLC,Uyo,Nigeria,High Volume,2023-08-26
39,Sullivan LLC,Abeokuta,Nigeria,Premium,2022-05-21
40,Griffith-Moody,Ibadan,Nigeria,High Volume,2022-01-08
41,Moore LLC,Akure,Nigeria,High Volume,2025-03-03
42,Little-Marks,Kaduna,Nigeria,Discount Heavy,2025-05-11
43,Andrade-Newman,Ibadan,Nigeria,High Margin,2021-11-23
44,"Yu, Anderson and Hale",Benin City,Nigeria,High Volume,2022-04-01
45,Clark LLC,Uyo,Nigeria,High Volume,2021-07-11
46,Martin-Horton,Sokoto,Nigeria,High Volume,2025-05-28
47,Fernandez-Willis,Enugu,Nigeria,High Volume,2022-01-28
48,"Rangel, Sharp and Morgan",Uyo,Nigeria,Discount Heavy,2021-06-22
49,Brewer Group,Osogbo,Nigeria,High Margin,2021-07-19
50,Robinson LLC,Ibadan,Nigeria,Standard,2023-07-28
51,Love Inc,Kaduna,Nigeria,High Margin,2022-02-12
52,Fernandez-Lopez,Lagos,Nigeria,High Margin,2024-11-01
53,"Hernandez, Joseph and Kelly",Kano,Nigeria,High Margin,2024-10-25
54,"Reid, Cunningham and Owens",Sokoto,Nigeria,High Volume,2021-06-27
55,Brown-Carter,Sokoto,Nigeria,High Volume,2024-11-01
56,Forbes LLC,Ado-Ekiti,Nigeria,Standard,2023-09-16
57,Douglas-Baker,Owerri,Nigeria,Discount Heavy,2021-08-07
58,Johnson-Brown,Osogbo,Nigeria,Standard,2021-07-18
59,"Henderson, Holder and Wu",Calabar,Nigeria,Premium,2021-07-08
60,"Cole, Montgomery and Adams",Ibadan,Nigeria,High Margin,2021-12-07
61,Jones Inc,Ilorin,Nigeria,Standard,2022-04-12
62,"Murray, Hardy and Roberts",Kaduna,Nigeria,High Volume,2021-08-03
63,Harris and Sons,Abuja,Nigeria,Standard,2024-01-23
64,Sullivan-Brown,Ibadan,Nigeria,Discount Heavy,2022-08-27
65,Foster-Yu,Osogbo,Nigeria,Standard,2023-01-03
66,Shah Inc,Ado-Ekiti,Nigeria,Standard,2022-03-02
67,"Castillo, Burnett and Gray",Osogbo,Nigeria,High Margin,2023-10-04
68,King Group,Ilorin,Nigeria,High Volume,2025-02-27
69,Smith Ltd,Kaduna,Nigeria,Standard,2024-10-27
70,"Duncan, Medina and Anderson",Ado-Ekiti,Nigeria,Standard,2025-05-26
71,Williams-Mccormick,Kano,Nigeria,High Margin,2023-02-22
72,"Miller, Horton and Christensen",Ilorin,Nigeria,Standard,2022-04-02
73,"Smith, Hunter and Taylor",Warri,Nigeria,Premium,2021-04-07
74,Thompson-Estrada,Abuja,Nigeria,Standard,2024-07-08
75,Welch-Williams,Benin City,Nigeria,Discount Heavy,2022-06-23
76,"Johnson, Gordon and Wilson",Kaduna,Nigeria,High Volume,2024-07-02
77,George PLC,Osogbo,Nigeria,High Volume,2024-06-17
78,"Hebert, Walker and Wells",Osogbo,Nigeria,Premium,2022-07-03
79,"Lee, Wallace and Pena",Port Harcourt,Nigeria,Standard,2025-01-03
80,"Powell, Griffith and Franco",Onitsha,Nigeria,Standard,2022-01-08
81,Fisher Ltd,Owerri,Nigeria,Discount Heavy,2025-04-19
82,"Parker, Crawford and Black",Abeokuta,Nigeria,Standard,2024-06-19
83,"Gutierrez, Jones and Valdez",Port Harcourt,Nigeria,Discount Heavy,2023-03-21
84,Michael-Franklin,Enugu,Nigeria,Premium,2022-05-25
85,"Moran, Fleming and Lopez",Abeokuta,Nigeria,High Margin,2022-09-11
86,Copeland Group,Kano,Nigeria,Premium,2021-01-10
87,Snyder-Garcia,Ilorin,Nigeria,Premium,2024-05-14
88,"Wood, Adams and Hunt",Ibadan,Nigeria,Standard,2022-06-28
89,Martin PLC,Abuja,Nigeria,High Margin,2023-06-22
90,Zimmerman Group,Kano,Nigeria,Discount Heavy,2024-01-11
91,Leblanc-Hinton,Warri,Nigeria,High Volume,2024-11-24
92,"Johnson, Mueller and Pham",Abeokuta,Nigeria,Standard,2022-04-23
93,"Solis, Baker and Andrews",Sokoto,Nigeria,Standard,2024-05-16
94,"Trujillo, Smith and Wilson",Uyo,Nigeria,Standard,2022-05-17
95,Diaz and Sons,Lagos,Nigeria,Discount Heavy,2021-04-09
96,"Fox, Boyd and Moore",Benin City,Nigeria,Discount Heavy,2021-10-09
97,"Wiggins, Williams and Gomez",Enugu,Nigeria,High Margin,2021-05-11
98,"Nicholson, Allison and Sanders",Osogbo,Nigeria,Standard,2022-01-17
99,Choi Inc,Akure,Nigeria,High Volume,2025-06-11
100,"Brown, Conrad and Wu",Ilorin,Nigeria,Standard,2024-03-30
101,"King, Perez and Blackburn",Ado-Ekiti,Nigeria,Premium,2023-08-13
102,"Cruz, Perkins and Horton",Akure,Nigeria,Premium,2024-03-19
103,Reed PLC,Calabar,Nigeria,Premium,2023-10-01
104,Jones Ltd,Abeokuta,Nigeria,Discount Heavy,2024-11-24
105,"Ortiz, Osborne and Daniel",Jos,Nigeria,Discount Heavy,2023-09-24
106,Bauer-Taylor,Warri,Nigeria,Premium,2023-03-10
107,Gregory Group,Kaduna,Nigeria,Standard,2021-03-29
108,Smith-James,Ado-Ekiti,Nigeria,Discount Heavy,2023-02-28
109,Mitchell-Lewis,Enugu,Nigeria,Discount Heavy,2022-08-15
110,"Phelps, Briggs and Juarez",Sokoto,Nigeria,High Volume,2023-02-19
111,"Clay, Meyer and Church",Abuja,Nigeria,Premium,2025-06-28
112,Peterson-Sullivan,Abeokuta,Nigeria,Standard,2022-05-18
113,Collier-Sanchez,Ilorin,Nigeria,Discount Heavy,2024-12-19
114,Kline-Frey,Ado-Ekiti,Nigeria,High Volume,2025-04-30
115,Ferguson and Sons,Kaduna,Nigeria,Discount Heavy,2023-01-12
116,Walker Ltd,Jos,Nigeria,Discount Heavy,2021-05-13
117,Murphy-Woods,Abuja,Nigeria,High Volume,2021-11-24
118,Smith Inc,Abuja,Nigeria,Premium,2024-04-13
119,Hall LLC,Akure,Nigeria,Premium,2024-10-14
120,Conley PLC,Ibadan,Nigeria,High Margin,2023-02-24
121,"Mcdowell, Morgan and Sanchez",Enugu,Nigeria,Discount Heavy,2021-04-16
122,Mendoza and Sons,Osogbo,Nigeria,Premium,2025-02-26
123,Myers-Houston,Benin City,Nigeria,Standard,2024-07-28
124,Davis-Arroyo,Ado-Ekiti,Nigeria,High Volume,2021-03-16
125,Phillips-Pierce,Jos,Nigeria,Standard,2024-04-19
126,"Mitchell, Burgess and Case",Ado-Ekiti,Nigeria,High Volume,2024-02-01
127,Novak-Duncan,Enugu,Nigeria,Discount Heavy,2021-08-24
128,Ellis-Boyd,Warri,Nigeria,Standard,2022-12-21
129,"Silva, Downs and Hammond",Ibadan,Nigeria,Standard,2025-04-10
130,Mcdonald-Lowery,Uyo,Nigeria,Standard,2021-01-16
131,Smith Group,Enugu,Nigeria,High Volume,2023-06-27
132,Carpenter Ltd,Sokoto,Nigeria,High Margin,2022-11-26
133,Weber PLC,Ilorin,Nigeria,High Volume,2023-06-26
134,Patterson Ltd,Jos,Nigeria,Discount Heavy,2023-01-21
135,"Stone, Davis and Wilson",Uyo,Nigeria,High Margin,2021-01-22
136,Anderson-Warren,Abeokuta,Nigeria,Standard,2024-04-16
137,Terrell-Powers,Akure,Nigeria,High Volume,2025-06-23
138,Bailey-Vega,Onitsha,Nigeria,Standard,2023-12-13
139,"Simon, Dodson and Jones",Calabar,Nigeria,High Margin,2025-05-06
140,Wilson Inc,Abuja,Nigeria,Standard,2024-03-22
141,"Moon, Keller and Lambert",Osogbo,Nigeria,High Margin,2024-08-15
142,"Hernandez, Buchanan and Phillips",Akure,Nigeria,Discount Heavy,2024-04-28
143,Martinez-Werner,Abuja,Nigeria,High Margin,2021-06-01
144,"Hurley, Adams and Rogers",Kaduna,Nigeria,Standard,2023-07-02
145,Harris-Valentine,Lagos,Nigeria,Premium,2021-04-18
146,Perez and Sons,Akure,Nigeria,Standard,2024-02-15
147,"Wilson, Williams and Coleman",Owerri,Nigeria,High Volume,2022-03-17
148,Harris-Miller,Osogbo,Nigeria,Standard,2023-05-20
149,"Barron, Everett and Richardson",Uyo,Nigeria,High Volume,2025-01-29
150,"Johnson, Johnson and Massey",Warri,Nigeria,Discount Heavy,2023-05-17
151,Miller-Simpson,Sokoto,Nigeria,High Volume,2021-10-21
152,"Hernandez, Bennett and Perry",Ilorin,Nigeria,Discount Heavy,2025-01-12
153,"Gonzalez, Morgan and Green",Kaduna,Nigeria,Standard,2024-09-07
154,"Bryant, Johnson and Bradley",Uyo,Nigeria,Discount Heavy,2021-02-12
155,Brown LLC,Abuja,Nigeria,Standard,2023-03-21
156,Nguyen-Hicks,Akure,Nigeria,Standard,2025-02-20
157,"Foster, Williams and Walsh",Kano,Nigeria,Discount Heavy,2023-05-24
158,"Carney, Mcdaniel and Bishop",Kano,Nigeria,Standard,2025-01-15
159,Ross PLC,Onitsha,Nigeria,Standard,2022-06-28
160,"Thomas, Garcia and Waters",Ilorin,Nigeria,Standard,2024-03-31
161,Burton Inc,Akure,Nigeria,Discount Heavy,2023-11-12
162,Henry PLC,Ibadan,Nigeria,Standard,2024-10-06
163,"Carter, Davis and Goodwin",Benin City,Nigeria,High Volume,2024-02-18
164,"Parker, Harris and Martinez",Ilorin,Nigeria,Standard,2021-03-06
165,"Smith, Zuniga and Fisher",Ado-Ekiti,Nigeria,Discount Heavy,2023-06-03
166,"Stewart, Hawkins and Thomas",Jos,Nigeria,High Volume,2023-07-01
167,Peterson LLC,Owerri,Nigeria,Standard,2024-07-24
168,Hernandez-Farley,Uyo,Nigeria,Standard,2022-10-01
169,Ross and Sons,Kano,Nigeria,Premium,2024-05-14
170,Kim Ltd,Benin City,Nigeria,Discount Heavy,2023-09-29
171,"Hale, Williams and Smith",Abeokuta,Nigeria,Standard,2023-07-23
172,Lewis Group,Kaduna,Nigeria,High Volume,2022-06-01
173,"Myers, Gallegos and Wood",Sokoto,Nigeria,Standard,2022-08-11
174,Simpson Group,Jos,Nigeria,Standard,2024-03-13
175,"Velez, Herman and Baker",Jos,Nigeria,Premium,2021-01-27
176,"Sanchez, Howard and Pierce",Kano,Nigeria,Premium,2023-05-18
177,"Martin, Ramirez and Moreno",Calabar,Nigeria,High Margin,2025-01-22
178,"Edwards, Rodriguez and Pearson",Calabar,Nigeria,High Volume,2021-05-20
179,Parker-Brown,Ilorin,Nigeria,Premium,2025-03-27
180,Gray-Hernandez,Uyo,Nigeria,High Margin,2024-05-09
181,King Inc,Osogbo,Nigeria,High Margin,2024-03-08
182,Hamilton-Price,Jos,Nigeria,Premium,2022-07-05
183,"Stewart, White and Miller",Lagos,Nigeria,Discount Heavy,2023-11-23
184,Stark-Summers,Kano,Nigeria,High Margin,2024-06-01
185,"Bond, Galvan and Bell",Owerri,Nigeria,Premium,2023-09-27
186,Levy-Fields,Warri,Nigeria,High Volume,2024-01-01
187,Hernandez-Howard,Abeokuta,Nigeria,Standard,2021-12-17
188,Harris-Stewart,Uyo,Nigeria,High Volume,2025-03-24
189,Nash-Woods,Lagos,Nigeria,Standard,2022-06-16
190,Bell Inc,Uyo,Nigeria,Discount Heavy,2024-04-27
191,Crawford-Gonzalez,Owerri,Nigeria,Standard,2024-08-16
192,Doyle and Sons,Ado-Ekiti,Nigeria,Premium,2021-12-04
193,Blevins-Fox,Kaduna,Nigeria,Discount Heavy,2023-06-05
194,Martin PLC,Sokoto,Nigeria,Standard,2022-03-15
195,Perez-Martin,Port Harcourt,Nigeria,High Volume,2021-04-19
196,Hall LLC,Onitsha,Nigeria,Standard,2025-01-31
197,Haley-Vargas,Akure,Nigeria,Standard,2024-01-07
198,Elliott PLC,Warri,Nigeria,Standard,2022-02-09
199,Wright-Gibson,Abeokuta,Nigeria,Standard,2023-01-01
200,"Ramirez, Levy and Sullivan",Calabar,Nigeria,High Volume,2023-07-05
201,Eaton-Jones,Sokoto,Nigeria,Standard,2021-09-19
202,"Aguilar, Sherman and Collins",Warri,Nigeria,Premium,2024-01-28
203,Martinez-Burke,Osogbo,Nigeria,Premium,2023-02-07
204,Powers-Thompson,Ado-Ekiti,Nigeria,High Margin,2021-06-18
205,Mills-Thomas,Warri,Nigeria,High Volume,2023-04-25
206,"Cobb, Taylor and Clark",Abeokuta,Nigeria,High Volume,2021-10-04
207,Vasquez-Richard,Abuja,Nigeria,High Volume,2023-10-09
208,"Gay, Wilson and Mitchell",Jos,Nigeria,High Margin,2023-10-09
209,Stevens Inc,Owerri,Nigeria,Standard,2025-01-30
210,Singh-Nichols,Osogbo,Nigeria,Standard,2023-06-21
211,Watson-Howell,Enugu,Nigeria,High Volume,2022-10-26
212,"Roy, Shannon and Miller",Osogbo,Nigeria,Standard,2021-02-19
213,"Harris, Ross and Moore",Akure,Nigeria,Premium,2023-06-05
214,Bullock-Murphy,Onitsha,Nigeria,High Margin,2024-03-18
215,"Lewis, Moon and Lewis",Calabar,Nigeria,Discount Heavy,2025-01-26
216,Robinson Group,Akure,Nigeria,High Volume,2021-04-11
217,Sellers Ltd,Sokoto,Nigeria,Discount Heavy,2022-06-22
218,Vazquez Ltd,Owerri,Nigeria,High Margin,2024-05-10
219,Scott PLC,Sokoto,Nigeria,Premium,2021-06-08
220,"Campbell, Chaney and Pacheco",Jos,Nigeria,Standard,2021-10-31
221,Lee Ltd,Lagos,Nigeria,Discount Heavy,2023-07-02
222,Young-Briggs,Port Harcourt,Nigeria,Premium,2023-05-15
223,Brown and Sons,Abeokuta,Nigeria,Standard,2021-09-14
224,Wilson Inc,Ibadan,Nigeria,Standard,2023-11-09
225,Montgomery-Briggs,Ilorin,Nigeria,High Volume,2023-07-22
226,Macdonald-Cook,Lagos,Nigeria,Standard,2022-03-11
227,"Martin, Swanson and Lee",Abeokuta,Nigeria,High Volume,2022-06-22
228,Archer Group,Port Harcourt,Nigeria,Discount Heavy,2022-09-13
229,Campbell Ltd,Calabar,Nigeria,Standard,2022-11-26
230,Fox and Sons,Abeokuta,Nigeria,Discount Heavy,2023-06-26
231,Forbes Group,Ado-Ekiti,Nigeria,Standard,2021-11-21
232,Ayers-Brown,Ado-Ekiti,Nigeria,Premium,2024-08-27
233,Smith-Brewer,Kaduna,Nigeria,Standard,2022-01-09
234,"Cooke, Perry and Patrick",Jos,Nigeria,High Margin,2023-10-24
235,"Benjamin, Crawford and Juarez",Abeokuta,Nigeria,Standard,2024-03-20
236,"Stevens, Gomez and Cooper",Owerri,Nigeria,Discount Heavy,2022-05-31
237,"Yu, Snow and Murphy",Uyo,Nigeria,Discount Heavy,2021-05-25
238,Reynolds LLC,Ilorin,Nigeria,Discount Heavy,2022-09-12
239,Walker-Franklin,Abeokuta,Nigeria,High Volume,2023-11-22
240,"Cordova, Douglas and James",Lagos,Nigeria,High Volume,2023-08-30
241,"Palmer, Delgado and French",Abuja,Nigeria,High Volume,2021-03-25
242,Calhoun PLC,Jos,Nigeria,Standard,2023-05-19
243,Diaz and Sons,Ado-Ekiti,Nigeria,High Volume,2022-11-07
244,"Wells, Pugh and Burke",Kaduna,Nigeria,Standard,2025-05-12
245,Gibson PLC,Osogbo,Nigeria,Standard,2024-02-25
246,Young-Moore,Enugu,Nigeria,High Volume,2023-06-22
247,Vincent-Scott,Abuja,Nigeria,High Volume,2021-11-24
248,Herring-Schroeder,Enugu,Nigeria,Standard,2022-05-11
249,Wilson-Powers,Kaduna,Nigeria,Standard,2022-11-03
250,Riley LLC,Kano,Nigeria,Standard,2025-04-30
251,"Hayes, King and Garcia",Kaduna,Nigeria,High Margin,2021-06-03
252,Jenkins-Phelps,Akure,Nigeria,Discount Heavy,2025-06-20
253,"Brown, Willis and Gonzalez",Kano,Nigeria,High Margin,2024-04-12
254,"Casey, Fletcher and Estrada",Sokoto,Nigeria,Discount Heavy,2022-03-19
255,Griffin Inc,Kano,Nigeria,Discount Heavy,2023-09-04
256,Clark-Dickerson,Sokoto,Nigeria,Standard,2023-12-12
257,"Nguyen, Gamble and Jones",Ibadan,Nigeria,Standard,2021-01-06
258,Shelton-Rodriguez,Benin City,Nigeria,High Margin,2021-01-04
259,"Stewart, Clarke and Porter",Kaduna,Nigeria,Standard,2023-05-02
260,Gordon and Sons,Benin City,Nigeria,Standard,2025-04-24
261,Henson-Thomas,Uyo,Nigeria,Standard,2022-06-26
262,Miller Ltd,Benin City,Nigeria,Standard,2025-01-07
263,"Jones, Campbell and Merritt",Ibadan,Nigeria,High Volume,2021-04-08
264,"Perkins, Ruiz and Hawkins",Kano,Nigeria,Discount Heavy,2022-04-02
265,Kidd Ltd,Onitsha,Nigeria,Standard,2023-12-30
266,"Evans, Freeman and Rivas",Owerri,Nigeria,Premium,2021-02-21
267,"Kane, Ray and Pierce",Ado-Ekiti,Nigeria,High Volume,2024-07-24
268,Williams-Ruiz,Ibadan,Nigeria,Standard,2021-10-15
269,Johnson-Nelson,Uyo,Nigeria,Standard,2022-01-31
270,"Moore, Reyes and Stewart",Kaduna,Nigeria,Discount Heavy,2025-01-11
271,Gallegos Group,Onitsha,Nigeria,Standard,2021-03-02
272,"Anderson, Landry and Shaw",Abeokuta,Nigeria,High Margin,2023-06-25
273,Gould Ltd,Kano,Nigeria,Standard,2022-02-02
274,Wright-Taylor,Uyo,Nigeria,High Volume,2023-03-02
275,Barrera LLC,Akure,Nigeria,High Margin,2024-11-03
276,"Barton, Young and Miller",Osogbo,Nigeria,Discount Heavy,2024-05-22
277,"Roth, Cameron and Bass",Sokoto,Nigeria,Standard,2024-02-19
278,"Henderson, Lee and Davis",Sokoto,Nigeria,High Volume,2023-05-31
279,Fox and Sons,Kaduna,Nigeria,High Volume,2022-05-19
280,Luna-Wagner,Kaduna,Nigeria,Standard,2024-07-15
281,Williams Group,Owerri,Nigeria,High Margin,2023-02-18
282,Kelley Inc,Sokoto,Nigeria,Premium,2024-09-09
283,Mitchell PLC,Port Harcourt,Nigeria,Premium,2022-05-16
284,Vasquez Group,Benin City,Nigeria,Standard,2022-02-28
285,"Martinez, Mora and Bowen",Osogbo,Nigeria,Standard,2023-04-20
286,Salazar-Johnson,Uyo,Nigeria,High Volume,2023-05-22
287,Romero-Dunn,Ilorin,Nigeria,High Volume,2024-08-27
288,Ortega-Jones,Port Harcourt,Nigeria,High Volume,2023-01-28
289,Mayo and Sons,Enugu,Nigeria,Standard,2023-10-07
290,Gibson-Hines,Jos,Nigeria,Premium,2024-01-18
291,Turner-Morgan,Sokoto,Nigeria,High Margin,2024-02-09
292,Wood-White,Owerri,Nigeria,Discount Heavy,2022-11-07
293,"Robbins, Lewis and Barry",Enugu,Nigeria,Premium,2021-06-16
294,Gonzalez-Mahoney,Sokoto,Nigeria,High Margin,2022-10-04
295,"Bowman, Casey and Smith",Uyo,Nigeria,Premium,2021-05-17
296,"Wilson, Riley and Perkins",Ado-Ekiti,Nigeria,High Volume,2025-01-02
297,"Andrews, Williams and Gilmore",Abeokuta,Nigeria,Premium,2025-02-03
298,Rogers Inc,Osogbo,Nigeria,Standard,2024-08-14
299,"Flores, Christensen and Brennan",Calabar,Nigeria,Standard,2024-08-11
300,Thomas Group,Sokoto,Nigeria,High Volume,2025-04-30
301,Nguyen Ltd,Ilorin,Nigeria,High Margin,2023-12-10
302,Randall-Khan,Kano,Nigeria,Standard,2021-07-09
303,Rivera-Bell,Ilorin,Nigeria,High Margin,2021-08-12
304,"Parsons, Morris and Perez",Onitsha,Nigeria,High Volume,2022-12-27
305,Powell Ltd,Warri,Nigeria,High Margin,2024-09-26
306,Ramos-Ward,Akure,Nigeria,Premium,2024-09-03
307,Young-Phillips,Lagos,Nigeria,Standard,2025-03-17
308,"Morales, Eaton and Snyder",Kaduna,Nigeria,Standard,2024-05-22
309,"Vazquez, Olson and Mosley",Ibadan,Nigeria,Premium,2023-08-15
310,Oneal LLC,Enugu,Nigeria,Discount Heavy,2022-12-29
311,Morales LLC,Osogbo,Nigeria,High Volume,2023-12-09
312,Lewis-Carson,Calabar,Nigeria,Discount Heavy,2022-11-01
313,Thomas-Pratt,Abuja,Nigeria,High Margin,2023-12-01
314,Taylor LLC,Jos,Nigeria,High Margin,2023-12-08
315,"Wright, Williams and Grant",Akure,Nigeria,High Margin,2024-04-22
316,Gonzalez-Moore,Onitsha,Nigeria,Standard,2024-04-12
317,"Ryan, Campos and Johnston",Enugu,Nigeria,Discount Heavy,2022-05-14
318,"Burns, Dennis and Lee",Ado-Ekiti,Nigeria,High Margin,2024-07-23
319,Simmons-Walters,Ado-Ekiti,Nigeria,Premium,2023-11-04
320,"Rodriguez, Hughes and Garcia",Onitsha,Nigeria,Standard,2021-09-24
321,Lawrence PLC,Enugu,Nigeria,High Volume,2023-06-21
322,"Petty, Smith and Ingram",Ilorin,Nigeria,Discount Heavy,2023-01-03
323,"Williams, Greene and Stephens",Kaduna,Nigeria,Standard,2021-06-10
324,Smith Inc,Onitsha,Nigeria,High Volume,2023-10-31
325,Lee-Conley,Abuja,Nigeria,Premium,2022-09-04
326,Reilly Group,Akure,Nigeria,High Volume,2024-06-26
327,Davenport-Salas,Lagos,Nigeria,High Margin,2022-06-23
328,Moore-Myers,Kano,Nigeria,Discount Heavy,2021-04-17
329,"Thomas, Kramer and Castillo",Lagos,Nigeria,Discount Heavy,2024-11-17
330,Parker-Mcneil,Abuja,Nigeria,Premium,2023-12-17
331,"Scott, Jackson and Taylor",Osogbo,Nigeria,Standard,2025-03-07
332,Reilly and Sons,Lagos,Nigeria,Standard,2021-06-30
333,Green Inc,Ado-Ekiti,Nigeria,High Volume,2023-12-01
334,"Perez, Walsh and Lopez",Lagos,Nigeria,High Margin,2022-09-24
335,Johnson-Miller,Akure,Nigeria,Standard,2021-04-25
336,Hughes-Shields,Sokoto,Nigeria,Standard,2022-01-11
337,"Bates, Sampson and Cruz",Sokoto,Nigeria,Standard,2024-07-21
338,Daniels-Nelson,Ibadan,Nigeria,High Margin,2021-05-31
339,Wilson-Hodges,Owerri,Nigeria,Standard,2021-08-01
340,Dunn-Harris,Onitsha,Nigeria,Premium,2021-09-27
341,Hernandez-Huang,Calabar,Nigeria,Discount Heavy,2022-03-10
342,Wade and Sons,Benin City,Nigeria,Standard,2023-09-09
343,Conley PLC,Ilorin,Nigeria,Discount Heavy,2023-02-06
344,Dawson-Pineda,Osogbo,Nigeria,Premium,2023-04-16
345,Madden-Pugh,Abuja,Nigeria,Standard,2021-03-11
346,"Davis, Booth and Casey",Jos,Nigeria,Premium,2025-01-01
347,Brown-Hernandez,Enugu,Nigeria,High Volume,2022-07-02
348,"Guerra, Ochoa and Medina",Kano,Nigeria,High Margin,2022-01-11
349,Middleton-Tran,Jos,Nigeria,High Volume,2024-02-14
350,Dean Inc,Port Harcourt,Nigeria,Discount Heavy,2021-05-08
351,Williams PLC,Owerri,Nigeria,Premium,2024-05-21
352,Smith-Bonilla,Port Harcourt,Nigeria,High Margin,2022-11-04
353,Nelson-Thompson,Enugu,Nigeria,Premium,2021-07-05
354,Wells-Medina,Kano,Nigeria,High Volume,2024-06-06
355,Acosta Ltd,Ilorin,Nigeria,Discount Heavy,2023-02-14
356,Johnson PLC,Warri,Nigeria,Premium,2021-06-21
357,"Johnson, Guzman and Walsh",Uyo,Nigeria,Standard,2021-07-30
358,Martinez-Barr,Ibadan,Nigeria,Premium,2021-01-16
359,"Brady, Montoya and Johnson",Abeokuta,Nigeria,High Margin,2022-01-11
360,Moses and Sons,Ilorin,Nigeria,Standard,2024-04-23
361,Hudson PLC,Enugu,Nigeria,Standard,2021-03-04
362,Nguyen Inc,Sokoto,Nigeria,Standard,2021-05-11
363,Young Ltd,Owerri,Nigeria,High Volume,2023-11-21
364,"Hart, Hall and Franklin",Owerri,Nigeria,High Volume,2022-08-30
365,"Gentry, Allison and Johns",Kaduna,Nigeria,Premium,2021-11-24
366,Lopez-Christian,Warri,Nigeria,Premium,2022-07-23
367,Lewis Inc,Warri,Nigeria,High Margin,2025-02-21
368,Swanson Inc,Ibadan,Nigeria,High Volume,2021-01-07
369,Davis Inc,Calabar,Nigeria,High Volume,2022-03-15
370,"Bowman, Stewart and Rangel",Sokoto,Nigeria,Standard,2025-06-05
371,Stokes-Aguilar,Jos,Nigeria,Discount Heavy,2024-12-29
372,"Santiago, Mckinney and Butler",Akure,Nigeria,Premium,2023-10-19
373,"Colon, Miller and Smith",Ado-Ekiti,Nigeria,High Margin,2025-05-18
374,"Wilson, Gonzalez and Garcia",Lagos,Nigeria,High Volume,2022-02-09
375,Terrell-Rios,Owerri,Nigeria,Premium,2021-10-06
376,"Jacobs, Lee and Gross",Sokoto,Nigeria,High Volume,2022-09-16
377,"Donaldson, Schultz and Dean",Benin City,Nigeria,Standard,2021-12-13
378,Parker-Frank,Uyo,Nigeria,High Margin,2023-12-29
379,Reyes and Sons,Akure,Nigeria,Standard,2022-12-04
380,Gilbert LLC,Lagos,Nigeria,Discount Heavy,2024-07-15
381,Nicholson-Watson,Abuja,Nigeria,Standard,2021-05-06
382,Garcia and Sons,Warri,Nigeria,Standard,2022-10-26
383,White Inc,Jos,Nigeria,Standard,2022-05-12
384,Lynch-Barnes,Osogbo,Nigeria,High Margin,2023-07-06
385,Olsen PLC,Sokoto,Nigeria,High Volume,2022-11-22
386,Taylor-Johnson,Owerri,Nigeria,Premium,2022-07-10
387,"Cook, Miller and Myers",Jos,Nigeria,High Margin,2024-10-03
388,"Alexander, Hancock and Figueroa",Sokoto,Nigeria,High Margin,2021-01-31
389,"Arellano, Bryant and White",Port Harcourt,Nigeria,High Volume,2022-05-14
390,"Scott, Wilkins and Butler",Onitsha,Nigeria,Standard,2022-02-02
391,"Fuller, Martin and Delgado",Jos,Nigeria,Standard,2022-05-08
392,Andrade-Taylor,Osogbo,Nigeria,High Volume,2023-05-05
393,Miller Group,Owerri,Nigeria,Standard,2021-09-16
394,Ellison LLC,Benin City,Nigeria,Standard,2022-04-23
395,"Perkins, Thomas and Thompson",Akure,Nigeria,High Volume,2024-03-28
396,Jarvis-Brown,Ilorin,Nigeria,Premium,2021-06-22
397,"Lopez, Jones and Martinez",Enugu,Nigeria,Premium,2022-06-02
398,"Dyer, Dominguez and Shepherd",Kaduna,Nigeria,Standard,2025-01-13
399,"Tran, Spears and Farrell",Akure,Nigeria,Premium,2022-12-24
400,Adams Inc,Uyo,Nigeria,Discount Heavy,2024-03-12
401,"Lewis, Fisher and Griffin",Kano,Nigeria,High Volume,2021-12-13
402,Garza-Brooks,Owerri,Nigeria,Standard,2024-11-26
403,Lee LLC,Enugu,Nigeria,Standard,2022-05-19
404,Howard-Ramsey,Ilorin,Nigeria,Standard,2022-10-01
405,"Mcclure, Brown and Stone",Ibadan,Nigeria,Standard,2025-05-01
406,Moore Inc,Ado-Ekiti,Nigeria,Standard,2024-03-29
407,Wong Inc,Onitsha,Nigeria,Standard,2022-07-30
408,Black-Chaney,Ado-Ekiti,Nigeria,Standard,2023-11-08
409,Walker-Carr,Jos,Nigeria,Discount Heavy,2022-09-05
410,"Taylor, Harris and Robbins",Ibadan,Nigeria,Standard,2022-07-24
411,"Scott, Mejia and Winters",Enugu,Nigeria,Premium,2022-08-04
412,Barrett LLC,Ilorin,Nigeria,High Volume,2022-07-12
413,Collins-Parker,Ibadan,Nigeria,High Margin,2021-07-17
414,"Park, Blackwell and Martin",Lagos,Nigeria,High Margin,2023-08-21
415,"Roberts, Smith and Holt",Sokoto,Nigeria,High Volume,2021-08-10
416,Hill PLC,Akure,Nigeria,High Volume,2021-01-20
417,Salinas-Cook,Enugu,Nigeria,High Volume,2025-06-24
418,Zhang-Peterson,Onitsha,Nigeria,High Margin,2021-05-31
419,Coffey-Aguilar,Kaduna,Nigeria,High Volume,2021-05-23
420,Thompson-Henry,Owerri,Nigeria,Standard,2023-12-04
421,"Cook, Martinez and Chang",Osogbo,Nigeria,Discount Heavy,2024-08-13
422,Walker and Sons,Enugu,Nigeria,Standard,2024-06-26
423,Nguyen LLC,Abeokuta,Nigeria,Discount Heavy,2025-02-14
424,Gutierrez-Stout,Ado-Ekiti,Nigeria,Discount Heavy,2021-04-19
425,Mullen and Sons,Abuja,Nigeria,Standard,2025-01-12
426,Wong PLC,Onitsha,Nigeria,Standard,2023-02-07
427,Kelley-Wolfe,Benin City,Nigeria,High Margin,2022-10-02
428,"Johnson, Cantrell and Bruce",Onitsha,Nigeria,High Margin,2024-04-16
429,"Castillo, Stone and Maldonado",Owerri,Nigeria,Standard,2022-06-01
430,Moss-Ortiz,Calabar,Nigeria,High Volume,2022-10-25
431,Sims Group,Kano,Nigeria,Standard,2023-12-24
432,Mullins Inc,Abuja,Nigeria,Standard,2021-07-21
433,Simon-Rosario,Abeokuta,Nigeria,High Margin,2022-07-19
434,Salazar Group,Akure,Nigeria,High Volume,2023-11-27
435,Leonard-Erickson,Port Harcourt,Nigeria,Standard,2022-12-11
436,Mills Inc,Akure,Nigeria,Discount Heavy,2025-03-17
437,Pham-Franklin,Enugu,Nigeria,Premium,2022-08-03
438,Phillips-Perez,Ado-Ekiti,Nigeria,High Volume,2025-01-18
439,Smith-Garcia,Jos,Nigeria,High Volume,2023-07-14
440,Parrish-Gray,Sokoto,Nigeria,High Volume,2024-11-28
441,"Goodman, Chapman and Robbins",Kano,Nigeria,High Margin,2024-02-24
442,Christian-Clarke,Port Harcourt,Nigeria,High Volume,2025-04-30
443,"Mayo, Young and Edwards",Calabar,Nigeria,High Margin,2023-06-04
444,Owens-Reynolds,Warri,Nigeria,Standard,2024-08-22
445,Mcbride-Kelly,Uyo,Nigeria,High Volume,2023-08-28
446,Davis-Carpenter,Kaduna,Nigeria,Discount Heavy,2022-03-05
447,Hernandez-James,Osogbo,Nigeria,High Margin,2022-05-25
448,"Rodriguez, Price and Marshall",Kaduna,Nigeria,High Margin,2024-10-17
449,"Smith, Griffin and Martin",Ibadan,Nigeria,Discount Heavy,2023-01-16
450,Martin Inc,Ado-Ekiti,Nigeria,Standard,2024-07-10
451,"Robbins, Weaver and Sparks",Abeokuta,Nigeria,Standard,2023-05-06
452,Wilson-Houston,Abuja,Nigeria,Premium,2024-03-22
453,Ray Ltd,Abuja,Nigeria,Standard,2025-02-17
454,"Mathis, Chen and Ortiz",Kano,Nigeria,High Margin,2024-11-19
455,Allen-Gonzalez,Calabar,Nigeria,Standard,2024-07-01
456,Solis and Sons,Jos,Nigeria,High Volume,2021-01-13
457,Lynn-Lewis,Port Harcourt,Nigeria,High Volume,2025-01-19
458,"Heath, Saunders and Atkinson",Jos,Nigeria,Discount Heavy,2023-04-29
459,"Gomez, Martin and Thompson",Owerri,Nigeria,Standard,2025-01-06
460,Conway-Phillips,Ado-Ekiti,Nigeria,Premium,2024-07-19
461,"Hatfield, King and Hayes",Sokoto,Nigeria,High Margin,2021-04-22
462,"Gray, Madden and Jones",Owerri,Nigeria,Standard,2022-05-22
463,Wilson Inc,Ibadan,Nigeria,High Margin,2022-06-17
464,"Jackson, Gomez and Tapia",Akure,Nigeria,High Margin,2021-10-20
465,Campbell Inc,Sokoto,Nigeria,High Volume,2021-09-12
466,Pacheco Ltd,Calabar,Nigeria,Standard,2021-08-18
467,Roberts-Vasquez,Kaduna,Nigeria,High Volume,2023-08-01
468,Barnes PLC,Abuja,Nigeria,Standard,2023-09-01
469,"Mendez, Ward and Orr",Osogbo,Nigeria,High Margin,2023-01-21
470,"Ibarra, Davis and Bauer",Abeokuta,Nigeria,High Margin,2023-04-24
471,"Best, Singleton and Nguyen",Kano,Nigeria,High Volume,2023-12-09
472,"Kennedy, Sutton and Morris",Uyo,Nigeria,High Margin,2022-09-15
473,Robinson-Reynolds,Owerri,Nigeria,High Margin,2023-12-30
474,Gonzalez-Lucas,Onitsha,Nigeria,Standard,2025-01-31
475,White-Thompson,Kano,Nigeria,Standard,2023-03-24
476,"Arroyo, Walker and Ingram",Lagos,Nigeria,High Volume,2024-04-18
477,"Wilkins, Zuniga and Williams",Warri,Nigeria,High Volume,2022-03-03
478,Jones Group,Benin City,Nigeria,Standard,2023-06-02
479,"Hill, Jackson and Mendoza",Akure,Nigeria,Standard,2023-01-04
480,"Roth, Osborne and Ramos",Port Harcourt,Nigeria,Premium,2024-07-03
481,"Berry, Sanchez and Garcia",Enugu,Nigeria,High Margin,2024-10-24
482,"Bradshaw, Hatfield and Mason",Onitsha,Nigeria,High Volume,2022-09-28
483,Smith LLC,Lagos,Nigeria,Standard,2021-03-11
484,Dawson Ltd,Kaduna,Nigeria,High Volume,2023-02-26
485,Lee Group,Enugu,Nigeria,High Margin,2022-09-27
486,Burton Ltd,Ado-Ekiti,Nigeria,High Margin,2024-12-04
487,Austin LLC,Sokoto,Nigeria,Premium,2022-09-20
488,Singleton-Walker,Warri,Nigeria,Premium,2024-10-04
489,"Valdez, Duncan and Robles",Kaduna,Nigeria,Standard,2024-10-24
490,Williams-Anderson,Onitsha,Nigeria,Premium,2023-12-09
491,Anderson Ltd,Port Harcourt,Nigeria,Standard,2024-04-22
492,"Gallagher, Fletcher and Christensen",Sokoto,Nigeria,Standard,2022-12-11
493,Brown PLC,Owerri,Nigeria,Discount Heavy,2022-05-16
494,"Meyer, Frank and Myers",Kano,Nigeria,High Margin,2024-06-08
495,"Gonzales, Paul and Chandler",Kano,Nigeria,Discount Heavy,2023-06-13
496,"Murray, Sloan and Moss",Lagos,Nigeria,High Volume,2024-05-07
497,Parrish-Barr,Osogbo,Nigeria,Standard,2023-04-27
498,Miller Inc,Akure,Nigeria,Discount Heavy,2022-10-03
499,Adams and Sons,Ibadan,Nigeria,Standard,2024-01-07
500,Miller-Cook,Abuja,Nigeria,Standard,2022-07-14
